"METRO","migration_net","population","male_20_34_p","enrolled_9_12_p","enrolled_college_p","enrolled_grad_p","occ_com_sci_math_p","occ_eng_p","mult_desktop_laptop_p","inc_50_74","inc_75_99","inc_100_149","inc_150_199","median_income","mean_income"
"Abilene, TX Metro Area","2173","170669","13.13","5.05","6.68","1.02","0.43","0.69","25.45","18.5","12.5","13.2","4.4","52511","70321"
"Akron, OH Metro Area","-175","703845","10.13","4.99","6.2","1.55","0.9","1.69","31.45","17.8","13.2","13.9","5.7","57285","78314"
"Albany-Lebanon, OR Metro Area","372","125048","9.68","5","3.73","0.97","0.52","1","29.84","20.3","14","13.9","4","55893","70148"
"Albany-Schenectady-Troy, NY Metro Area","2739","880736","10.43","4.8","6.8","1.57","1.4","2.27","32.24","16.7","13.8","18.3","8.2","71285","91065"
"Albany, GA Metro Area","144","148436","9.78","6.18","7.01","1.09","0.58","0.35","24.87","17.4","10","11.1","3.4","44844","60621"
"Albuquerque, NM Metro Area","-905","912108","10.58","5.22","5.81","1.65","0.87","1.97","29.33","18","12.5","13.1","5.1","54072","73512"
"Alexandria, LA Metro Area","-164","153310","10.48","5.77","4.2","0.94","0.25","0.53","24.19","17.4","10.4","12.1","3.6","46367","64994"
"Allentown-Bethlehem-Easton, PA-NJ Metro Area","1331","837610","9.48","5.22","5.24","1.05","0.92","1.74","29.93","17.9","13.9","16.9","7.2","67652","88415"
"Altoona, PA Metro Area","-127","123157","9.01","4.83","3.86","0.71","0.4","0.76","30.4","18.3","13","11.8","3.4","49181","65290"
"Amarillo, TX Metro Area","-541","263776","10.96","5.39","5.52","1.1","0.56","0.91","26.91","19.3","12.4","14.1","4.7","55515","75177"
"Ames, IA Metro Area","-1733","123311","17.82","3.61","22.03","3.92","1.22","2.31","34.15","17.5","13.2","15.9","5.2","58600","75294"
"Anchorage, AK Metro Area","339","398900","12.8","5.57","5.24","1.35","0.67","1.75","29.34","17.2","13.7","20.5","10.5","83048","105968"
"Ann Arbor, MI Metro Area","3807","367000","14.12","4.82","13.7","4.87","1.91","4.77","33.55","16","12.5","16.7","8.5","72586","101787"
"Anniston-Oxford, AL Metro Area","-571","114618","9.69","4.7","5.52","0.79","0.33","0.52","26.4","18.8","11.6","11.8","3.6","47255","63417"
"Appleton, WI Metro Area","-1279","235628","9.7","5.77","4.51","0.72","0.78","1.37","32.47","19.6","15.1","18.5","6.9","67616","83714"
"Asheville, NC Metro Area","1684","454351","8.67","4.49","4.36","0.82","0.87","1.33","31.57","19","12.4","12.4","4.5","52735","72793"
"Athens-Clarke County, GA Metro Area","1751","208457","13.52","4.53","14.16","3.69","0.9","1.1","29.76","15.2","10.2","12.6","4.7","47214","70940"
"Atlanta-Sandy Springs-Alpharetta, GA Metro Area","21453","5862424","10.13","5.94","5.22","1.47","1.65","2.13","29.83","17.8","13.3","16.2","7.3","68316","94723"
"Atlantic City-Hammonton, NJ Metro Area","-284","266105","9.32","5.24","5.61","1.08","0.91","1.16","29.28","16.4","11.9","16.3","7.4","62110","86110"
"Auburn-Opelika, AL Metro Area","-105","161152","14.27","4.61","14.75","3.09","0.8","1.78","29.77","16.6","11.6","13","5.5","51463","71547"
"Augusta-Richmond County, GA-SC Metro Area","1153","599616","10.44","5.45","4.71","1.05","0.75","1.43","25.49","17.9","12.5","13.2","5","53269","71447"
"Austin-Round Rock-Georgetown, TX Metro Area","19306","2114441","12.45","5.07","6.25","1.54","2.03","3.36","31","17.3","13.3","18.1","9","76844","104847"
"Bakersfield, CA Metro Area","4177","887641","12.42","6.85","5.54","0.77","0.36","0.86","21.31","17.7","11.4","13.5","5.9","53350","73478"
"Baltimore-Columbia-Towson, MD Metro Area","210","2796733","10.33","4.97","5.75","1.97","2.05","2.28","30.7","15.4","13","18.8","10.2","81598","107135"
"Bangor, ME Metro Area","502","151774","10.49","4.59","8.17","1.57","0.45","1.17","31.89","18.1","12.9","12.7","3.7","50808","67198"
"Barnstable Town, MA Metro Area","-1111","213496","7.33","4.27","3.54","0.86","1.04","2.06","37.74","17.4","13.9","18.3","8.3","74336","99954"
"Baton Rouge, LA Metro Area","677","854318","11.32","5.28","6.24","1.3","0.71","1.38","26.26","16.4","11.9","15.5","6.7","58912","81614"
"Battle Creek, MI Metro Area","241","134212","9.24","5.4","4.78","0.61","0.4","0.84","27.99","18.3","11.6","12.2","3.5","48607","64683"
"Bay City, MI Metro Area","-272","104104","9.14","5.15","4.55","0.52","0.3","1","30.99","18.8","12.3","11.7","3.6","48819","63415"
"Beaumont-Port Arthur, TX Metro Area","159","395174","10.93","5.13","4.24","0.73","0.37","1.27","24.73","17.2","11.7","14.2","6.1","54016","73859"
"Beckley, WV Metro Area","-609","118828","9.01","4.27","3.41","0.52","0.38","0.56","26.71","17.1","11.9","10.1","2.9","42817","57490"
"Bellingham, WA Metro Area","1123","220821","12.23","4.41","9.88","1.05","0.68","1.43","33.56","19","14.6","15.4","6.9","62984","80590"
"Bend, OR Metro Area","534","186251","9.02","4.58","3.65","0.72","0.76","1.51","35.09","19.2","14.5","16.2","6.7","67043","86719"
"Billings, MT Metro Area","-64","179071","9.55","4.88","3.46","0.93","0.44","1.35","33.16","19.8","13.7","14.9","5.8","61278","81026"
"Binghamton, NY Metro Area","973","241874","10.36","4.82","7.99","1.73","1.25","2.1","31.76","17.7","13.7","13.8","4.7","54295","70971"
"Birmingham-Hoover, AL Metro Area","2769","1085330","9.72","5.21","4.65","1.29","0.9","1.44","27.86","17.6","12.4","14.5","5.7","57447","80637"
"Bismarck, ND Metro Area","467","127503","11.09","4.36","4.32","1.08","0.7","1.19","34.25","17.7","13.7","20.2","7.9","71398","91821"
"Blacksburg-Christiansburg, VA Metro Area","558","166785","14.59","3.87","19.45","3.44","1","2.69","28.74","21.4","12.1","12.3","4.6","55065","71938"
"Bloomington, IL Metro Area","523","172578","12.63","4.82","13.95","1.73","2.41","1.39","31.05","16.3","13.6","16.8","8.3","67675","88810"
"Bloomington, IN Metro Area","2922","167296","15.95","3.67","19.29","4.86","1.4","1.58","31.03","17.1","11.2","13","4.6","49798","68782"
"Bloomsburg-Berwick, PA Metro Area","-187","83974","10.08","4.18","9.53","0.88","0.77","0.78","28.98","18.7","12.3","12.3","4.9","51745","69352"
"Boise City, ID Metro Area","3984","710743","10.23","5.99","5.11","1.06","0.98","1.72","30.77","19.8","13.6","15.2","5.3","60568","80438"
"Boston-Cambridge-Newton, MA-NH Metro Area","18877","4832346","11.09","4.92","6.42","2.36","1.97","3.32","31.93","13.5","11.8","18.5","11.3","90333","122399"
"Boulder, CO Metro Area","2541","322510","13","4.88","10.8","2.78","2.9","5.23","35.89","14.5","12.4","17.2","10.3","83019","115966"
"Bowling Green, KY Metro Area","1769","174498","11.84","4.93","8.95","1.34","0.57","0.88","27.27","18.9","11.9","11.7","3.5","49700","69306"
"Bremerton-Silverdale-Port Orchard, WA Metro Area","2283","265882","12.63","4.66","4.47","0.9","1.05","2.46","34.48","18.4","15.4","19.6","7.7","75411","93122"
"Bridgeport-Stamford-Norwalk, CT Metro Area","430","943926","8.98","6.09","5.48","1.45","1.63","2.29","30.47","12.8","10.7","16.3","10.3","95645","155154"
"Brownsville-Harlingen, TX Metro Area","-2967","421666","9.93","7.04","4.34","0.51","0.33","0.69","16.11","16.5","10","9.3","2.9","38758","55520"
"Brunswick, GA Metro Area","171","117400","8.37","5.26","2.99","0.71","0.41","0.7","27.94","16.5","11.4","13.7","4.4","50671","74623"
"Buffalo-Cheektowaga, NY Metro Area","-1529","1130175","10.25","4.99","5.51","1.54","0.88","1.42","31.65","17.3","12.9","14.9","6.3","57621","76986"
"Burlington-South Burlington, VT Metro Area","2106","218784","11.78","4.72","9.05","1.97","1.4","2.37","33.91","17.9","14.8","18.7","7.1","71413","91430"
"Burlington, NC Metro Area","-172","163324","8.96","5.71","6.64","0.64","0.78","0.92","28.55","17.6","12.1","13.1","4.1","49688","67667"
"California-Lexington Park, MD Metro Area","338","112290","10.53","5.56","6.05","1.92","1.56","4.49","30.15","14.3","14.4","22.8","12.1","89845","108493"
"Canton-Massillon, OH Metro Area","-1294","399736","8.91","5.14","4.52","0.77","0.52","1.1","30.39","19","13.1","13.5","4.6","53978","70518"
"Cape Coral-Fort Myers, FL Metro Area","2184","737468","7.98","4.38","3.9","0.86","0.73","1.47","30.67","19.6","13.2","13.3","5.2","57832","82544"
"Cape Girardeau, MO-IL Metro Area","498","96976","10.58","4.67","8.67","1.12","0.63","0.69","26.63","19.7","12.9","12.4","3.3","51429","68523"
"Carbondale-Marion, IL Metro Area","1653","137573","12.34","4.44","9.43","2.31","0.46","0.77","27.09","15.9","11.1","11.6","4","45052","63542"
"Carson City, NV Metro Area","123","54773","10.24","5.24","4.38","0.76","0.58","1.54","32.09","19.9","14","13.6","4.3","55718","75267"
"Casper, WY Metro Area","-535","80333","10.76","5","5.01","0.85","0.4","1.04","31.83","18.4","14.8","16","5.9","62772","80679"
"Cedar Rapids, IA Metro Area","1595","270056","9.94","5.1","4.71","0.94","1.06","2","32.43","19.3","14.4","16.9","6.4","64687","82498"
"Chambersburg-Waynesboro, PA Metro Area","-865","154147","8.55","5.38","3.24","0.82","0.7","0.81","30.08","19.7","16.4","16.2","5","63379","78332"
"Champaign-Urbana, IL Metro Area","1709","226323","15.5","4.08","16.19","5.17","1.5","2.02","32.75","16.3","11.6","13.8","5.9","53641","75275"
"Charleston-North Charleston, SC Metro Area","1382","774508","11.16","4.87","4.96","1.35","0.99","1.83","29.59","18.4","13.5","15.6","6.3","63649","88023"
"Charleston, WV Metro Area","-495","264113","8.6","4.58","3.11","0.9","0.57","0.95","28.05","17.7","10.6","11","3.3","45225","63468"
"Charlotte-Concord-Gastonia, NC-SC Metro Area","13549","2545560","9.9","5.56","4.73","1.07","1.35","1.83","29.94","18.1","13","15.1","6.7","63217","89212"
"Charlottesville, VA Metro Area","562","215445","10.58","4.43","9.23","2.92","1.4","2.19","32.59","16.5","13.6","16.7","8.6","72697","102577"
"Chattanooga, TN-GA Metro Area","1905","556209","9.73","4.64","5.1","0.86","0.72","1.65","28.46","18.2","12.1","13.1","4.5","53126","73882"
"Cheyenne, WY Metro Area","564","98320","11.78","4.72","4.44","1.13","0.45","1.42","33.22","19.5","15.5","18.1","6.5","66910","85483"
"Chicago-Naperville-Elgin, IL-IN-WI Metro Area","-7509","9508605","10.55","5.55","5.15","1.6","1.42","1.99","29.44","16","12.8","17","8.4","71770","100233"
"Chico, CA Metro Area","-540","225817","12.29","4.77","11.41","1.07","0.63","0.86","30.89","16.9","11.4","12.9","5.1","52537","75746"
"Cincinnati, OH-KY-IN Metro Area","6238","2201741","10.01","5.42","5.12","1.24","1.11","1.91","30.6","17.6","13.2","16","7","63987","86633"
"Clarksville, TN-KY Metro Area","1906","299470","14.71","5.07","6.07","1.34","0.56","0.72","28.15","19.7","13.7","12.4","4","53027","67368"
"Cleveland-Elyria, OH Metro Area","2239","2056898","9.4","5.33","4.89","1.36","0.89","1.71","31.64","17.4","12.4","13.9","5.5","56008","79168"
"Cleveland, TN Metro Area","-904","122563","9.38","5","5.97","0.71","0.48","1.13","26.96","18.4","12.7","12.6","3.5","49921","67336"
"Coeur d'Alene, ID Metro Area","-320","157322","9.06","5.24","3.75","0.65","0.61","1.07","31.69","22.2","12.4","13.7","5.2","57242","74130"
"College Station-Bryan, TX Metro Area","897","258029","17.29","4.27","18.45","4.42","0.9","2.5","28.48","15.8","11.5","12.8","4.7","50240","73129"
"Colorado Springs, CO Metro Area","8574","723498","12.78","5.35","6.53","1.39","1.88","2.18","31.9","19","14.3","17.4","7.3","68687","88185"
"Columbia, MO Metro Area","-940","205369","14.25","4.25","13.72","3.34","1.19","1.76","32.37","17.4","12.8","14.2","4.8","54808","74042"
"Columbia, SC Metro Area","6466","824278","10.82","5.31","6.46","1.51","0.91","1.27","28.89","18.4","13.4","13.6","5.1","55971","75154"
"Columbus, GA-AL Metro Area","2877","319402","12.29","5.2","6.04","1.51","0.84","0.67","25.7","18.1","11.3","10.8","4","47571","66392"
"Columbus, IN Metro Area","661","82481","10.83","5.48","3.23","1.07","1.51","5.4","29.57","19.2","14.9","15.1","6.6","63431","80056"
"Columbus, OH Metro Area","7446","2077761","11.12","5.3","5.65","1.55","1.34","1.91","30.67","18.2","13.5","16.5","6.7","65150","87472"
"Corpus Christi, TX Metro Area","-678","428548","10.87","5.55","5.01","0.67","0.4","0.96","23.7","17.5","12.9","14.5","5.7","56013","74850"
"Corvallis, OR Metro Area","243","91107","16.09","4.18","19.19","4.28","1.76","4.31","35.35","16.3","12.9","15.2","7.6","62077","84074"
"Crestview-Fort Walton Beach-Destin, FL Metro Area","1106","272056","11.69","4.56","4.33","1","1.11","2.08","31.43","18.8","14.1","16","5.4","62161","82580"
"Cumberland, MD-WV Metro Area","-61","98612","10.91","4.38","7.03","0.76","0.6","0.71","26.52","19.7","12.7","9.8","2.9","47330","59814"
"Dallas-Fort Worth-Arlington, TX Metro Area","38903","7320663","10.67","5.87","5.01","1.29","1.5","2.16","28.07","17.8","13.2","16.7","8","70281","97589"
"Dalton, GA Metro Area","-316","143961","9.98","6.3","4.08","0.47","0.26","0.39","22.98","20.5","12.3","9.6","2.7","48481","64833"
"Danville, IL Metro Area","-703","77563","9.18","5.42","3.3","0.45","0.21","0.32","26.39","18.8","11.5","11","3.5","46515","61753"
"Daphne-Fairhope-Foley, AL Metro Area","583","212830","8.17","4.99","3.16","0.6","0.52","1.9","29","18.4","12.8","14.4","6","58320","80986"
"Davenport-Moline-Rock Island, IA-IL Metro Area","-760","381175","9.24","5.17","4.55","0.93","0.76","1.51","29.84","19","13.8","15.4","5.1","58531","76075"
"Dayton-Kettering, OH Metro Area","924","803543","10.02","5.02","6.41","1.53","0.92","2.15","31.38","18.1","12.9","14","5.4","55634","74770"
"Decatur, AL Metro Area","587","152271","9.01","5.15","3.44","0.63","0.61","1.66","25.54","18.7","12.1","12.6","4.3","50422","66154"
"Decatur, IL Metro Area","-8","105528","8.72","4.96","4.08","0.66","0.5","0.95","29.38","18.1","12.2","11.8","4.1","50480","69280"
"Deltona-Daytona Beach-Ormond Beach, FL Metro Area","1146","646288","8.55","4.5","5.13","0.83","0.65","1.2","31.22","19.3","12.2","11.8","3.7","50360","67781"
"Denver-Aurora-Lakewood, CO Metro Area","25618","2892066","11.53","5.19","4.35","1.52","1.64","2.71","33.05","17.1","13.7","18.9","9.5","79664","106322"
"Des Moines-West Des Moines, IA Metro Area","4632","680439","10.38","5.5","4.2","1.28","1.19","1.14","31.51","18.8","14.4","17.6","7.4","70126","90791"
"Detroit-Warren-Dearborn, MI Metro Area","2681","4317848","9.77","5.5","4.94","1.21","1.01","2.99","30.3","17","12.5","15.2","6.8","60984","84396"
"Dothan, AL Metro Area","-521","148252","8.71","5.28","3.75","0.82","0.58","0.73","24.4","17.3","11.2","11.6","3.6","46351","64523"
"Dover, DE Metro Area","545","176699","10.41","5.16","6.44","1.35","0.57","0.72","28.7","19.1","14.6","15.1","5.6","60910","75577"
"Dubuque, IA Metro Area","129","96982","10.02","5.02","6.4","1.05","1.07","1.63","29.94","19.1","15.8","16.4","4.6","63031","81377"
"Duluth, MN-WI Metro Area","-104","289247","10.15","4.48","7.09","1.06","0.68","1.07","31.83","19.1","13.3","15.1","4.5","56573","72156"
"Durham-Chapel Hill, NC Metro Area","3051","626695","10.81","4.88","7.36","3.11","1.82","2.11","31.76","16.8","12.6","14.7","6.7","62289","90054"
"East Stroudsburg, PA Metro Area","-199","168032","9.5","5.9","5.65","0.94","0.82","0.9","27.77","18.5","15","16.4","6.2","63934","80849"
"Eau Claire, WI Metro Area","963","167406","11.65","4.69","8.5","0.78","0.81","0.76","31.49","19.8","14.6","15.9","4.2","59584","74788"
"El Centro, CA Metro Area","-379","180701","12.44","7.25","6.4","0.65","0.27","0.74","16.65","15.5","12","13","4.1","47622","64355"
"El Paso, TX Metro Area","2277","840477","12.32","6.35","7.4","1.44","0.61","1.22","22.19","19","10.8","11.2","3.7","46795","62663"
"Elizabethtown-Fort Knox, KY Metro Area","1285","150913","10.43","5.52","4.95","1.04","0.72","0.7","28.54","19.6","12.9","14.8","4.3","54132","70570"
"Elkhart-Goshen, IN Metro Area","127","204558","9.7","5.89","2.98","0.34","0.4","0.59","24.99","21.5","14.5","13.3","4.2","57021","71964"
"Elmira, NY Metro Area","-677","84895","9.58","5.02","3.59","0.5","0.44","1","30.45","19","13.5","14.3","4.4","54940","70677"
"Enid, OK Metro Area","-166","61898","11.22","5.26","3.84","0.81","0.18","0.83","26.8","19.7","13.2","13.8","3.7","54006","71136"
"Erie, PA Metro Area","-256","273835","10.13","4.89","5.7","1.37","0.73","1.2","29.88","18.6","12.3","12.9","4.1","51529","68976"
"Eugene-Springfield, OR Metro Area","1134","373340","11.49","4.57","8.09","1.15","0.69","0.83","33.91","18.6","12.8","12.5","4.4","52426","70956"
"Evansville, IN-KY Metro Area","1988","314960","9.6","5.05","4.82","0.81","0.66","1.1","29.86","18.2","13.3","13.7","4.6","54063","74255"
"Fairbanks, AK Metro Area","-66","99072","17.14","4.27","7.21","1.86","0.59","1.45","30.34","18.6","15.3","18.7","9.6","76992","96615"
"Fargo, ND-MN Metro Area","1169","240421","14.1","4.47","9.82","1.76","1.05","1.27","34.12","18.3","15.3","15.7","6.1","64666","85794"
"Farmington, NM Metro Area","-163","126515","10.09","5.83","4.93","0.85","0.23","0.72","22.79","18.2","13.6","12.5","3.7","50518","64814"
"Fayetteville-Springdale-Rogers, AR Metro Area","555","514259","11.59","5.27","6.49","1.2","1.25","1.56","29.07","19.1","12.2","13.6","5.5","57603","82188"
"Fayetteville, NC Metro Area","3353","519101","13.85","5.44","7.18","1.51","0.65","0.53","27.93","18.9","12.5","11.5","3.4","48459","61989"
"Flagstaff, AZ Metro Area","789","141274","13.55","4.75","16.75","1.65","0.75","1.34","26.44","18","14.4","13.2","6.2","59460","77638"
"Flint, MI Metro Area","-1747","407875","9.02","5.7","4.38","0.95","0.48","1.09","29.19","18.6","11.6","11.4","4","48588","65564"
"Florence-Muscle Shoals, AL Metro Area","1115","147327","9.75","4.6","5.84","0.67","0.62","0.77","26.73","18.6","12.5","11.4","3.2","48084","64002"
"Florence, SC Metro Area","-772","205502","8.89","5.31","4.99","0.82","0.5","0.79","24.93","17.3","9.9","10.8","4","44114","63073"
"Fond du Lac, WI Metro Area","-46","102597","9.04","5.07","5.08","0.54","0.39","0.94","31.35","20.7","15.4","16.5","5","62391","76670"
"Fort Collins, CO Metro Area","3101","344786","13.12","4.56","9.77","2.01","1.64","3.07","35.59","17.2","14.1","17.9","8.4","71881","93301"
"Fort Smith, AR-OK Metro Area","435","249777","9.52","5.38","3.98","0.59","0.48","0.66","24.93","18","11.4","10.9","2.5","44750","60525"
"Fort Wayne, IN Metro Area","841","406305","9.98","5.6","4.67","0.85","0.75","1.37","30.25","19.8","13.7","13.3","4.4","55341","73578"
"Fresno, CA Metro Area","1675","984521","11.58","6.28","6.51","0.95","0.37","0.67","22.04","17.2","12","13.3","5.8","53969","74776"
"Gadsden, AL Metro Area","-32","102748","8.93","5.2","3.91","0.52","0.34","0.52","24.03","17.2","12","10.7","2.7","44637","60379"
"Gainesville, FL Metro Area","-1699","323799","14.14","3.8","14.09","3.91","0.88","1.85","29.65","16.7","10.8","11","4.4","46843","68079"
"Gainesville, GA Metro Area","426","198667","10","5.87","4.74","0.73","0.69","1","25.31","18.9","14.1","15.3","6.2","62984","86265"
"Gettysburg, PA Metro Area","-580","102470","8.8","4.84","5.55","0.83","0.59","0.73","29.53","19.2","16.2","17.5","6.5","67253","80678"
"Glens Falls, NY Metro Area","-222","125892","9.29","4.92","3.14","0.64","0.69","1.08","31.73","19.4","14.2","15.4","5.7","59395","75967"
"Goldsboro, NC Metro Area","176","123603","10.77","5.61","5.43","0.9","0.34","0.26","27.12","17.2","11.8","10.6","2.6","44416","62307"
"Grand Forks, ND-MN Metro Area","249","101745","14.99","4.03","11.58","1.72","0.57","0.94","33.26","16.8","13.2","16","5","55609","73332"
"Grand Island, NE Metro Area","-389","75480","9.5","5.99","2.43","0.68","0.33","0.66","27","19.3","15.4","13.8","4.5","57086","72456"
"Grand Junction, CO Metro Area","553","151218","10.01","5.2","5.6","0.71","0.61","1.07","32.8","19.3","13.7","13.4","4.4","55379","71408"
"Grand Rapids-Kentwood, MI Metro Area","2758","1062392","11.05","5.57","5.77","1.03","0.84","1.43","29.32","19.8","14.4","15.9","5.8","63302","83235"
"Grants Pass, OR Metro Area","190","86251","7.76","4.66","3.5","0.49","0.24","0.6","32.62","19.5","12.7","8.6","2.7","45616","60155"
"Great Falls, MT Metro Area","232","81625","11.44","4.49","4.19","0.7","0.5","0.85","30.56","19.3","11","12","3.7","49913","69845"
"Greeley, CO Metro Area","1629","305345","11.05","5.47","5.65","0.94","0.78","1.36","28.13","17.7","16.3","19.3","7.8","74150","89427"
"Green Bay, WI Metro Area","176","319401","9.77","5.2","5.2","0.8","0.77","1.22","31.64","19.2","14.6","16.4","5.5","62405","79316"
"Greensboro-High Point, NC Metro Area","2361","762063","9.54","5.35","6.69","1.02","0.9","1.31","28.83","18.2","12.2","11.9","4.3","50891","71256"
"Greenville-Anderson, SC Metro Area","3047","895942","10","4.94","5.86","1.17","0.73","2.1","28.26","18","13","13.4","5","54886","75557"
"Greenville, NC Metro Area","2965","178433","12.47","4.35","14.41","2.51","0.75","0.69","28.19","17.7","10.6","12.3","4.5","47437","67261"
"Gulfport-Biloxi, MS Metro Area","-123","412115","9.89","5.3","4.91","0.71","0.75","1.01","26.77","17.9","12.6","12","3.6","49068","65481"
"Hagerstown-Martinsburg, MD-WV Metro Area","1591","283147","9.77","5.13","4.03","0.99","0.79","0.89","28.2","19.1","14","16","6.2","61138","77324"
"Hammond, LA Metro Area","194","132057","10.53","4.63","6.5","0.5","0.31","0.3","23.86","16.5","12.1","12.3","4.5","47832","64903"
"Hanford-Corcoran, CA Metro Area","1252","150691","15.04","7.78","5.95","0.68","0.25","0.57","20.44","20","13.7","14","4.9","57848","72812"
"Harrisburg-Carlisle, PA Metro Area","2681","571013","9.95","4.86","4.75","1.24","1.2","1.54","31.49","19","14.7","16.5","6.3","64916","84613"
"Harrisonburg, VA Metro Area","786","133557","11.53","4.26","14.69","1.45","0.81","0.77","26.37","18.6","14.1","14","4.6","56500","74889"
"Hartford-East Hartford-Middletown, CT Metro Area","4158","1207677","10.14","5.28","6.66","1.6","1.46","2.55","31.38","14.9","13.2","18.1","9.6","77769","103274"
"Hattiesburg, MS Metro Area","362","168177","10.72","5.01","7.05","1.79","0.49","0.69","24.57","17.3","10.1","12.6","3.7","46800","64768"
"Hickory-Lenoir-Morganton, NC Metro Area","563","366678","8.96","5.08","3.89","0.56","0.44","0.68","26.85","19","12.8","10.4","3","48114","64886"
"Hilton Head Island-Bluffton, SC Metro Area","769","214752","9.52","4.37","3.26","0.67","0.9","1.58","30.5","17.6","13.7","15","6.7","64959","91650"
"Hinesville, GA Metro Area","766","80041","15.6","4.93","5.93","1.17","0.36","0.25","28.62","23.6","12.8","9.8","2.4","50160","59334"
"Homosassa Springs, FL Metro Area","-189","145169","6.33","3.92","2.51","0.4","0.54","1.03","34.78","20","9.8","9.1","2.6","44237","58601"
"Hot Springs, AR Metro Area","14","98555","8.24","4.17","3.73","0.41","0.5","0.87","28.47","19","11.2","8.8","3.8","44777","63652"
"Houma-Thibodaux, LA Metro Area","687","210162","10.26","5.11","3.63","0.6","0.33","0.53","24.55","16.2","12.4","13.5","5.3","51837","71103"
"Houston-The Woodlands-Sugar Land, TX Metro Area","36047","6884138","10.95","5.95","5.21","1.23","1.02","2.95","26.77","16.8","12.3","15.8","7.8","67516","97410"
"Huntington-Ashland, WV-KY-OH Metro Area","-914","361832","9.24","4.8","4.76","1.07","0.37","0.72","26.44","17.5","11.3","10.7","3.4","45441","63021"
"Huntsville, AL Metro Area","2062","457003","10.31","5.41","6.29","1.59","2.23","4.75","31.71","16.1","12.5","16.4","8","64483","86328"
"Idaho Falls, ID Metro Area","907","145507","9.75","6.57","4.23","0.87","0.63","2.34","28.13","20.5","13.3","15.6","5.2","61007","80168"
"Indianapolis-Carmel-Anderson, IN Metro Area","3590","2029472","10.22","5.65","4.37","1.16","1.06","1.64","29.83","17.9","13.3","15.1","6.4","61552","85193"
"Iowa City, IA Metro Area","871","170677","14.91","4.05","14.61","3.92","1.37","1.75","34.27","16.7","12.5","16.1","6.4","62544","85405"
"Ithaca, NY Metro Area","951","102642","15.31","3.35","20.96","6.44","1.86","2.7","33.36","19","11.4","13.5","6.2","60240","83950"
"Jackson, MI Metro Area","442","158636","10.14","5.27","5.08","0.55","0.55","1.15","28.65","19.3","13.1","13","4.6","53658","70566"
"Jackson, MS Metro Area","624","597727","10.23","5.37","5.54","1.49","0.7","0.84","24.81","17.8","12.2","12.7","5.1","52504","72438"
"Jackson, TN Metro Area","-444","178442","9.14","5.3","5.46","0.66","0.45","0.55","25.77","18.6","11.2","11.2","3.3","46875","62953"
"Jacksonville, FL Metro Area","8914","1503574","10.38","5","5.18","1.11","1.2","1.42","30.01","18.8","13.6","14.7","6.1","61723","84690"
"Jacksonville, NC Metro Area","3812","195069","23.16","4.2","6.23","1.4","0.56","0.58","27.29","20.3","13.4","11.8","3.4","50278","63254"
"Janesville-Beloit, WI Metro Area","-124","162152","9.21","5.7","4.53","0.68","0.45","0.81","30.26","20.1","15.1","14.6","4.2","57875","70944"
"Jefferson City, MO Metro Area","728","151273","10.69","5.26","4.78","0.76","0.96","0.83","27.52","21.3","15","15.5","4.5","59186","72898"
"Johnson City, TN Metro Area","708","202049","10.07","4.32","6","1.53","0.8","0.93","29.59","17.8","10.2","10.7","3.3","44439","63117"
"Johnstown, PA Metro Area","-254","133009","8.67","4.74","5.17","0.78","0.47","0.63","29.53","18.1","12.5","11.6","3.1","46659","60457"
"Jonesboro, AR Metro Area","-23","131241","10.95","4.95","6.56","1.52","0.62","0.54","26.82","17.7","11.8","10.6","3.5","46068","64769"
"Joplin, MO Metro Area","281","178100","9.88","5.46","4.42","0.63","0.44","0.73","26.29","20.1","12.4","10.6","2.9","49098","65840"
"Kahului-Wailuku-Lahaina, HI Metro Area","591","165979","8.74","4.49","3.14","0.8","0.78","1.1","26.2","16.9","15.6","18.7","9.9","80948","102759"
"Kalamazoo-Portage, MI Metro Area","2932","262745","12.91","4.74","10.65","1.94","0.88","1.95","31.73","18.1","12.6","13.7","5.8","56511","79194"
"Kankakee, IL Metro Area","-667","110637","9.98","5.56","6.24","0.74","0.52","0.6","26.3","18.8","13.6","16.1","5.4","58902","73991"
"Kansas City, MO-KS Metro Area","6500","2124518","10.09","5.35","3.9","1.44","1.24","1.58","31.16","17.8","13.9","16.8","7.3","66632","89308"
"Kennewick-Richland, WA Metro Area","1544","289527","10.61","6.25","3.82","0.77","0.74","1.97","27.33","20","13.7","17.8","7","67310","85259"
"Killeen-Temple, TX Metro Area","4529","444716","13.76","5.63","6.55","1.24","0.74","0.51","27.63","20.8","13.6","13.6","3.9","54798","70952"
"Kingsport-Bristol, TN-VA Metro Area","-1013","306546","8.4","4.8","3.49","0.58","0.62","1.25","28.85","18.7","11","9.9","3.2","44869","62706"
"Kingston, NY Metro Area","725","178665","9.84","4.28","5.96","1.18","0.87","1.07","31.57","17.6","12.9","16","7.8","64304","86500"
"Knoxville, TN Metro Area","3080","853337","9.99","4.83","5.32","1.2","0.78","1.89","29.83","18","13","13.3","5.1","54636","76015"
"Kokomo, IN Metro Area","29","82331","8.94","5.48","3.71","0.37","0.46","1.79","30.74","19.1","12.7","13.5","4.2","52373","65998"
"La Crosse-Onalaska, WI-MN Metro Area","790","136542","11.61","4.53","10.14","1.45","0.88","0.94","33.1","20.4","13.3","14.6","4.9","58501","78909"
"Lafayette-West Lafayette, IN Metro Area","2862","228541","15.9","4.51","15.13","3.98","1.09","2.57","29.34","18.8","11.8","13.8","4.4","53321","71214"
"Lafayette, LA Metro Area","-1341","489914","10.61","5.41","4.41","0.73","0.5","0.93","25.87","16.1","12.4","13.4","5","51955","72041"
"Lake Charles, LA Metro Area","-403","208549","10.44","5.27","4.58","0.7","0.27","0.96","26.69","16.4","10.7","13.9","5.5","51196","72275"
"Lake Havasu City-Kingman, AZ Metro Area","295","207695","7.84","3.78","2.45","0.55","0.45","0.51","31.49","20.5","11","9.4","2.7","45587","60395"
"Lakeland-Winter Haven, FL Metro Area","1981","686218","9.5","5.24","4.2","0.73","0.57","0.85","25.08","19.9","12.6","11.3","3.6","50584","66810"
"Lancaster, PA Metro Area","-284","540999","9.7","4.77","4.07","0.97","0.59","1.11","28.66","19.7","15.6","16.5","6.1","66056","84931"
"Lansing-East Lansing, MI Metro Area","3612","546772","11.82","4.85","10.42","2.08","1.16","1.48","31.07","19.2","13.3","14.6","5.5","57925","76119"
"Laredo, TX Metro Area","-521","273526","10.82","7.39","5.51","0.69","0.34","0.77","16.43","16.8","10.7","12.5","3.4","46475","63769"
"Las Cruces, NM Metro Area","1212","216069","12.14","5.9","9.73","1.35","0.77","1.43","24.97","16.3","9.1","10.6","3.6","40973","59601"
"Las Vegas-Henderson-Paradise, NV Metro Area","11534","2182004","10.63","5.38","4.49","1.05","0.63","1.16","28.38","18.6","13.5","14.5","5.7","59340","80762"
"Lawrence, KS Metro Area","1192","120290","16.75","3.88","17.57","3.6","1.07","1.57","33.9","17.5","11.7","14.9","6.8","59435","80284"
"Lawton, OK Metro Area","2510","127620","14.14","5.4","5.59","0.97","0.67","0.53","25.53","18.7","13.4","14","3.3","52076","67768"
"Lebanon, PA Metro Area","-6","139729","8.89","4.95","3.35","0.76","0.59","0.63","28.47","21.2","15.9","14.2","5.4","60281","74008"
"Lewiston-Auburn, ME Metro Area","-52","107602","9.02","4.68","5.28","0.79","0.58","0.63","33.19","18.5","13.3","13.9","4.6","53509","69091"
"Lewiston, ID-WA Metro Area","-622","62638","9.13","4.96","3.95","0.51","0.43","0.94","31.34","18.7","14.3","13.9","5.2","56430","71161"
"Lexington-Fayette, KY Metro Area","2909","510647","11.64","4.56","7.5","2.17","0.83","1.82","30.99","17.5","13.1","14.7","5.8","58685","82094"
"Lima, OH Metro Area","71","103175","10.35","5.51","5.77","0.65","0.4","0.49","28.64","20.9","13.7","11.9","3.2","53131","65521"
"Lincoln, NE Metro Area","2923","330329","13.01","4.92","10.1","2.19","0.79","1.3","33.23","19","13.3","15.9","5.8","61031","80274"
"Little Rock-North Little Rock-Conway, AR Metro Area","-1153","737015","10.43","5.06","5.11","1.52","0.88","0.98","28.19","18.1","11.9","14.1","5.1","54746","76145"
"Logan, UT-ID Metro Area","798","137629","14.01","7.01","12.14","1.54","0.71","1.52","27.68","20.1","14.5","14.4","4.6","58809","74836"
"Longview, TX Metro Area","1044","284796","9.89","5.38","3.97","0.46","0.36","0.9","23.6","18","13","12.2","4.6","51580","70935"
"Longview, WA Metro Area","-80","106778","8.8","5.19","3.8","0.61","0.45","0.98","30.1","18.2","14.1","12.9","5.3","54506","71700"
"Los Angeles-Long Beach-Anaheim, CA Metro Area","2341","13249614","11.56","5.32","7.14","1.48","1.12","2.2","26.95","15.6","12.4","16.5","8.6","72998","104698"
"Louisville/Jefferson County, KY-IN Metro Area","1118","1257088","9.95","5.22","4.24","1.21","0.89","1.3","29.25","18.4","13.4","14.4","5.9","59158","80682"
"Lubbock, TX Metro Area","2638","316474","13.69","5.26","11.74","2.26","0.53","0.98","27.61","17","12","13.5","4.7","51942","72713"
"Lynchburg, VA Metro Area","1586","261652","10.57","4.67","8.47","1.89","0.7","1.18","27.81","18.4","14.1","12.8","4.6","53798","70753"
"Macon-Bibb County, GA Metro Area","145","229504","9.47","5.23","5.52","1.36","0.87","0.67","25.67","15.6","11.2","10.6","4.2","44332","65876"
"Madera, CA Metro Area","-373","155433","9.85","7.17","5.32","0.47","0.15","0.51","20.45","18","13","15.5","4.9","57585","74861"
"Madison, WI Metro Area","1979","653725","12.54","4.61","7.88","2.58","1.74","2.17","35.52","17.8","14.4","18.5","7.8","72374","93923"
"Manchester-Nashua, NH Metro Area","4004","413035","10.24","5.15","4.61","1.49","1.92","2.98","33.36","16.1","13.8","19.9","10.3","81460","103090"
"Manhattan, KS Metro Area","-522","132928","20.59","3.82","15.91","2.86","0.77","1.08","30.59","20.1","12.3","12.9","5.2","54141","69736"
"Mankato, MN Metro Area","-556","100749","14.01","4.2","14.22","1.15","0.83","0.49","32.03","18.1","15.1","16.4","5.2","60827","77720"
"Mansfield, OH Metro Area","321","121100","10.56","5.1","3.55","0.65","0.36","0.68","28.21","20.3","13.3","11.2","2.7","49547","62847"
"McAllen-Edinburg-Mission, TX Metro Area","-1288","855176","10.59","7.43","5.34","0.73","0.37","0.68","15.97","16.1","9.4","10.1","3.4","40014","58014"
"Medford, OR Metro Area","103","216574","9.12","4.54","3.97","0.65","0.48","0.88","32.76","19.1","12.9","12.8","4.2","53412","72849"
"Memphis, TN-MS-AR Metro Area","27","1339623","10.09","5.65","4.79","1.31","0.77","1.08","25.24","17.4","11.8","13","5.2","53209","76187"
"Merced, CA Metro Area","247","271382","11.57","6.87","7.57","0.76","0.25","0.42","20.34","18.5","12.7","12.3","4.8","53672","74379"
"Miami-Fort Lauderdale-Pompano Beach, FL Metro Area","8853","6090660","9.82","4.92","5.69","1.46","0.86","2.07","27.56","17.2","11.7","13.3","5.8","56775","86518"
"Michigan City-La Porte, IN Metro Area","1175","110154","10.95","5.22","2.98","0.54","0.31","0.81","28.95","18.8","13.5","13.2","4.4","53658","69755"
"Midland, MI Metro Area","-371","83355","9.49","5.28","4.86","1.01","1.06","3.39","32.22","19.3","14","14.1","5.8","62625","86910"
"Midland, TX Metro Area","2404","173816","12.8","5.08","4.3","1.15","0.48","2.09","25.51","17.1","13.5","18.1","9.2","79140","109861"
"Milwaukee-Waukesha, WI Metro Area","499","1575223","10.09","5.38","5.13","1.33","1.01","1.92","30.85","17.1","12.9","15.8","6.8","62389","86290"
"Minneapolis-St. Paul-Bloomington, MN-WI Metro Area","11633","3573609","10.49","5.47","4.97","1.48","1.52","2.19","32.63","16.4","14.2","19.4","9.6","80421","104946"
"Missoula, MT Metro Area","629","117309","13.41","3.96","9.4","1.96","0.86","1.12","35.02","19","12.8","12","5.4","54062","74060"
"Mobile, AL Metro Area","-682","430655","9.85","5.53","4.51","0.93","0.58","1.13","24.54","18.1","11.1","11.5","4","47302","64784"
"Modesto, CA Metro Area","988","543194","10.87","6.36","5.94","0.67","0.34","0.59","23.69","18.7","13.2","15.9","6.2","60704","79228"
"Monroe, LA Metro Area","-422","203457","9.83","5.32","4.67","0.67","0.59","0.76","22.32","15.8","9.2","9.8","3.6","40119","60942"
"Monroe, MI Metro Area","-413","149727","8.7","5.38","4.33","0.84","0.26","1.52","30.79","19.5","14.6","16.7","6.5","62203","77703"
"Montgomery, AL Metro Area","1064","373544","10.18","5.28","4.8","1.4","1.1","1.1","26.77","17.9","12.1","13.5","4.6","52649","72435"
"Morgantown, WV Metro Area","756","139157","15.82","3.64","13.43","3.62","0.88","1.97","29.6","17","10.1","13.6","4.8","52332","76341"
"Morristown, TN Metro Area","244","140912","8.66","5.23","4.02","0.46","0.34","0.75","24.9","18.9","12.1","10","3","45878","61104"
"Mount Vernon-Anacortes, WA Metro Area","660","125612","9.33","4.96","3.67","0.53","0.49","1.47","31.86","18.6","16.1","16.2","6.6","67028","84676"
"Muncie, IN Metro Area","929","115020","12.46","4.24","14.11","1.6","0.63","0.39","29.94","17.6","11.1","10.4","2.3","43512","60528"
"Muskegon, MI Metro Area","-325","173297","9.89","5.28","3.88","0.53","0.6","0.97","27.06","20.5","12.3","12","3.4","50854","65499"
"Myrtle Beach-Conway-North Myrtle Beach, SC-NC Metro Area","-366","463987","7.83","4.1","4.1","0.57","0.72","1.05","31.32","20.6","12.8","12","3.7","52660","69436"
"Napa, CA Metro Area","-88","139623","9.54","5.34","5.94","1.04","0.66","1.48","29.84","14.9","13.1","18.6","10.9","88596","123451"
"Naples-Marco Island, FL Metro Area","2178","371453","7.57","4.17","3.15","0.72","0.83","2.25","31.34","17.5","12.9","14.8","7.5","69653","112784"
"Nashville-Davidson--Murfreesboro--Franklin, TN Metro Area","12775","1871903","10.82","5.2","4.83","1.42","1.04","1.41","30.26","18.6","14.1","16.2","6.5","66347","91202"
"New Bern, NC Metro Area","462","124786","12.31","4.33","4.79","0.78","0.54","1.31","30.12","18.7","12.2","12.1","4.4","51017","68725"
"New Haven-Milford, CT Metro Area","4","857513","10.13","5.4","6.14","1.92","1.06","1.6","29.85","16.2","12.5","16.5","8.8","69905","94740"
"New Orleans-Metairie, LA Metro Area","-2738","1267777","10.2","4.97","4.82","1.45","0.67","1.45","27.27","16.4","11.6","13","5.8","53084","76818"
"New York-Newark-Jersey City, NY-NJ-PA Metro Area","822","19294236","10.51","5.03","5.39","1.6","1.59","1.95","29.09","13.9","11.4","16.4","9.6","78773","116604"
"Niles, MI Metro Area","627","154133","8.87","5.33","4.22","1.39","0.63","1.77","30.18","17.6","11","12.5","5.1","50795","73428"
"North Port-Sarasota-Bradenton, FL Metro Area","2550","803709","6.99","3.93","3.23","0.65","0.78","1.86","33.39","19","12.7","14.6","5.7","60810","87037"
"Norwich-New London, CT Metro Area","835","267390","11.26","5.18","4.97","1.3","1","2.81","32.48","17.8","13.9","17.7","9","73490","95858"
"Ocala, FL Metro Area","1089","353526","7.82","4.42","3.43","0.61","0.5","1.15","29.88","19.5","11.1","9.4","2.6","45371","62048"
"Ocean City, NJ Metro Area","195","93086","8.23","4.27","3.31","0.84","0.81","1.1","35.06","18.2","13.3","16","7.5","67074","93847"
"Odessa, TX Metro Area","-719","160579","12.92","5.94","4.47","0.76","0.42","0.73","21.41","19","13.7","16.6","6.3","62973","83484"
"Ogden-Clearfield, UT Metro Area","3038","662875","10.71","6.66","5.48","0.99","1.03","1.54","27.34","20","17","19.9","7.9","75062","90241"
"Oklahoma City, OK Metro Area","3358","1382841","11.26","5.17","5.93","1.44","0.81","1.2","28.22","18.8","13.3","14.1","5.7","59084","80805"
"Olympia-Lacey-Tumwater, WA Metro Area","2405","279711","10.31","4.9","5.03","1.1","1.21","1.4","33.72","18.4","16.1","18.6","7.3","72003","87696"
"Omaha-Council Bluffs, NE-IA Metro Area","413","931779","10.48","5.65","4.98","1.73","1.2","1.17","31.19","18.1","14.4","17.5","7.1","67885","88578"
"Orlando-Kissimmee-Sanford, FL Metro Area","13648","2508970","11.12","5.15","6.46","1.36","1.05","1.86","29","18.9","13.1","13.7","5.6","58368","80864"
"Oshkosh-Neenah, WI Metro Area","1628","170411","11.5","4.87","7.48","0.87","0.73","1.24","32.94","20.2","14.5","14.8","4.6","58543","77772"
"Owensboro, KY Metro Area","-218","118477","8.91","5.49","3.6","0.79","0.41","0.7","27.99","19","13.4","12.9","3.8","52046","70046"
"Oxnard-Thousand Oaks-Ventura, CA Metro Area","-1003","847263","10.42","5.83","6.26","0.95","1.09","2.11","26.85","14.8","14","19.7","10.9","88131","115600"
"Palm Bay-Melbourne-Titusville, FL Metro Area","3300","585507","8.49","4.71","4.61","1.11","1.34","3.38","33.13","19.4","12.5","14","5.5","56775","77091"
"Panama City, FL Metro Area","-1016","182161","10.61","4.69","4.5","0.81","0.77","1.66","30.49","19.1","14","13.2","4.6","54316","71507"
"Parkersburg-Vienna, WV Metro Area","-214","90758","8.15","4.97","2.93","0.81","0.46","1.07","29.93","18.2","11.5","10.9","3.9","47218","64335"
"Pensacola-Ferry Pass-Brent, FL Metro Area","2753","488246","11.4","4.9","6.02","1.1","0.92","1.4","30.67","19.6","13.5","13.6","4.6","56007","74138"
"Peoria, IL Metro Area","-1395","406883","9.41","5.16","4.71","0.86","0.86","2","29.29","19.5","13.5","14.8","5.5","59397","79057"
"Philadelphia-Camden-Wilmington, PA-NJ-DE-MD Metro Area","9097","6079130","10.3","5.13","5.39","1.71","1.32","2.01","29.82","15.6","12.6","16.6","8.8","72343","100889"
"Phoenix-Mesa-Chandler, AZ Metro Area","23347","4761603","10.83","5.54","5.25","1.22","1.05","1.88","29.23","18.5","13.4","15.7","6.6","63883","87543"
"Pine Bluff, AR Metro Area","622","90865","11.67","5.61","5.05","0.6","0.39","0.23","21.05","18.1","10.6","8.5","2.3","41798","55294"
"Pittsburgh, PA Metro Area","-1588","2331447","9.79","4.51","4.72","1.45","1.36","2.18","33.12","17.4","12.9","15.5","6.1","60535","82754"
"Pittsfield, MA Metro Area","-386","126425","8.68","4.34","6.04","0.9","0.93","1.37","34.09","16.8","12.6","15.5","6","59230","80610"
"Pocatello, ID Metro Area","243","93436","10.91","5.86","7.41","1.63","0.42","1.16","28.99","18.7","12.9","13.1","4.1","51429","66437"
"Port St. Lucie, FL Metro Area","2343","472012","8.03","4.82","4.02","0.91","0.66","1.53","30.65","18.7","12.8","12.6","4.7","55153","79275"
"Portland-South Portland, ME Metro Area","1768","532075","9.26","4.69","4.57","1.3","1.02","1.74","34.74","18.1","14.7","18","7.1","70266","90590"
"Portland-Vancouver-Hillsboro, OR-WA Metro Area","15251","2445761","10.69","4.97","4.87","1.32","1.34","2.49","33.12","17.3","14","18.3","8.5","74792","97930"
"Poughkeepsie-Newburgh-Middletown, NY Metro Area","-2611","673839","10.07","5.85","6.48","1.02","1.04","1.47","28.48","15","12.9","19.2","10.4","80534","102827"
"Prescott Valley-Prescott, AZ Metro Area","375","228067","7.09","3.65","5.32","0.65","0.72","1.27","35.1","21.1","12.2","12.1","3.7","52451","68419"
"Providence-Warwick, RI-MA Metro Area","4300","1618268","10.32","4.79","6.59","1.37","1.01","1.67","29.92","15.9","13.2","17","8.2","67818","89281"
"Provo-Orem, UT Metro Area","8353","616791","13.76","7.39","11.42","1.34","1.35","1.14","25.19","18.9","16.1","19.5","7.5","74387","93213"
"Pueblo, CO Metro Area","-230","165982","9.83","5.37","5.11","0.8","0.67","0.65","27.49","17.2","12.8","11.4","3.6","46783","62799"
"Punta Gorda, FL Metro Area","-70","181067","6","3.38","3.2","0.37","0.74","1.62","34.08","20","12.4","11.4","3.8","51499","71130"
"Racine, WI Metro Area","510","195602","9.22","5.74","4.17","0.8","0.59","1.18","29.86","18.3","14","16.4","6.4","61336","79552"
"Raleigh-Cary, NC Metro Area","9797","1332311","10.08","5.67","5.59","1.59","2.44","3.45","32","17.1","13.7","18.2","8.9","75851","100551"
"Rapid City, SD Metro Area","638","138402","10.73","4.74","5.18","1.24","0.72","1.5","31.58","20.2","14.2","14","4.2","57615","75687"
"Reading, PA Metro Area","899","418025","9.61","5.31","5.43","0.95","0.67","1.13","27.85","18.3","14","17","6.8","63728","82739"
"Redding, CA Metro Area","-202","179212","9.41","4.91","4.74","1.08","0.44","0.89","30.51","17.8","12.9","12.6","5.8","54667","73415"
"Reno, NV Metro Area","2625","460924","11.05","5.01","6.07","1.28","0.93","1.8","32.9","18.9","13.8","16.3","6.4","64801","89057"
"Richmond, VA Metro Area","4576","1269530","10.2","5.19","5.32","1.53","1.47","1.79","30.03","17.2","13.4","17.3","7.4","68529","92171"
"Riverside-San Bernardino-Ontario, CA Metro Area","14901","4560470","11.19","6.38","6.46","1.14","0.59","0.95","23.71","17.6","13.5","16.5","7.5","65121","85373"
"Roanoke, VA Metro Area","-847","313009","8.77","4.73","4.32","0.92","0.71","1.36","30.23","19.2","12.9","14.2","4.8","56596","75401"
"Rochester, MN Metro Area","757","217964","9.36","5.31","3.84","1.45","1.79","1.94","33.39","18","14.2","18.8","8.2","73697","95925"
"Rochester, NY Metro Area","2814","1072877","10.08","5.03","6.22","1.4","1.34","2.03","31.47","18","12.9","15.7","6","60102","79967"
"Rockford, IL Metro Area","270","338356","9.09","5.78","3.89","1.08","0.49","1.4","29.62","18.9","13.1","14.1","5.3","56027","73884"
"Rocky Mount, NC Metro Area","-180","146678","8.64","4.98","4.35","0.75","0.59","0.51","25.52","17.7","10.8","10.8","3.1","44559","61493"
"Rome, GA Metro Area","101","97369","9.54","5.09","5.49","0.74","0.47","0.56","24.47","18.1","10.8","12.3","4.1","48336","67957"
"Sacramento-Roseville-Folsom, CA Metro Area","11756","2315980","10.6","5.39","6.96","1.29","0.99","1.9","30.52","16.6","13.1","17.4","8.8","72280","96023"
"Saginaw, MI Metro Area","-779","191821","9.6","5.42","5.87","0.73","0.49","1.12","28.55","18.3","11.3","11.5","3.6","48000","67221"
"Salem, OR Metro Area","608","422678","10.58","5.67","5.31","0.81","0.56","0.84","28.1","19.5","14.2","15","5.8","60178","76200"
"Salinas, CA Metro Area","1892","433410","11.45","6.22","6.47","1.07","0.64","1.01","21.98","19","14.2","16.5","7.7","71015","97451"
"Salisbury, MD-DE Metro Area","510","404417","8.89","4.54","5.83","0.85","0.71","0.95","30.29","18.9","13.4","15.1","5.7","60446","80956"
"Salt Lake City, UT Metro Area","6905","1201043","11.86","6.13","5.68","1.44","1.17","1.65","28.42","19.1","15.2","19.2","8","74842","96196"
"San Angelo, TX Metro Area","341","120837","12.65","5.01","6.79","0.96","0.67","0.43","26.41","18.1","12.3","13.6","4.7","53883","74880"
"San Antonio-New Braunfels, TX Metro Area","5688","2468193","11.39","5.71","5.53","1.27","0.93","1.18","24.75","18.7","13.2","14.8","6","60327","81852"
"San Diego-Chula Vista-Carlsbad, CA Metro Area","8589","3316073","12.91","5.01","7.41","1.59","1.53","2.86","29.32","16.1","13","18","9.4","78980","106600"
"San Francisco-Oakland-Berkeley, CA Metro Area","22994","4701332","11.18","4.54","5.93","1.75","2.96","4.21","31.52","11.7","11","17.5","12","106025","147703"
"San Jose-Sunnyvale-Santa Clara, CA Metro Area","15541","1987846","11.82","5.11","6.3","1.96","4.77","8.68","29.7","10.8","10","17.5","13.4","122478","163355"
"San Luis Obispo-Paso Robles, CA Metro Area","672","282165","12.07","4.01","12.13","0.94","1","2.01","32.39","17.1","13.3","17.8","8.9","73518","96196"
"Santa Cruz-Watsonville, CA Metro Area","-157","273962","11.4","4.69","11.8","1.7","1.5","2.28","29.81","13.8","12.5","16.7","9.8","82234","115265"
"Santa Fe, NM Metro Area","-127","149293","8.35","4.53","4.09","1.09","0.93","1.87","32.59","18.1","11.9","14.9","5.9","61200","88441"
"Santa Maria-Santa Barbara, CA Metro Area","1241","444829","12.8","5.07","11.58","1.42","0.96","1.87","27.08","16.5","12.6","17","8.3","74624","106421"
"Santa Rosa-Petaluma, CA Metro Area","238","499772","9.59","4.89","6.33","1.03","0.72","1.63","32.63","16.6","14.2","18.5","10.1","81018","108169"
"Savannah, GA Metro Area","2313","386036","11.62","5.05","6.98","1.89","0.68","1.45","28.89","17.8","13.8","14.6","5.9","59459","82125"
"Scranton--Wilkes-Barre, PA Metro Area","758","555642","9.68","4.8","4.89","1","0.69","0.9","29.17","18.3","13","13.5","4.7","53491","70312"
"Seattle-Tacoma-Bellevue, WA Metro Area","39971","3871323","11.92","4.63","4.99","1.4","2.5","3.59","33.9","15.7","13.3","19.5","10.4","86856","115653"
"Sebastian-Vero Beach, FL Metro Area","706","153989","6.87","4.17","3.2","0.61","0.67","1.37","30.1","18.2","12.3","12.6","4.7","54740","87526"
"Sebring-Avon Park, FL Metro Area","331","103437","7.24","3.42","2.61","0.53","0.34","0.53","28.32","19.8","8.7","7.6","2.4","40942","59208"
"Sheboygan, WI Metro Area","-486","115178","9.23","5.4","4.23","0.68","0.72","1.45","32.4","20.6","15.5","15.3","4.7","60696","75681"
"Sherman-Denison, TX Metro Area","807","131014","8.81","5.55","5.07","0.75","0.55","0.87","26.02","18.2","13.8","13.3","5.2","54815","72105"
"Shreveport-Bossier City, LA Metro Area","-1343","399619","10.29","5.16","4.05","0.92","0.51","0.7","25.98","16.3","11.1","11.3","4.2","46407","67217"
"Sierra Vista-Douglas, AZ Metro Area","446","125867","10.25","5.39","4.24","0.79","1.1","1.16","30.82","18.3","12.4","12.2","3.6","49260","64446"
"Sioux City, IA-NE-SD Metro Area","-654","143846","10.12","5.38","4.97","0.7","0.46","0.51","27.89","19.7","14.9","15.9","4.5","59937","76334"
"Sioux Falls, SD Metro Area","851","259348","10.87","4.97","3.96","0.92","0.94","0.93","31.92","19.2","15.6","16.9","5.8","65621","83463"
"South Bend-Mishawaka, IN-MI Metro Area","1156","321739","9.93","5.36","6.3","1.5","0.85","1.2","28.43","18.8","12.3","13.4","4.2","53323","72550"
"Spartanburg, SC Metro Area","1408","307617","9.86","5.45","4.94","1.03","0.62","1.32","27.1","19.7","13.3","11.6","4.1","52332","69514"
"Spokane-Spokane Valley, WA Metro Area","5206","550160","10.8","4.81","5.93","1.09","0.78","1.18","32.56","18.5","13.6","13.4","5.5","56410","75705"
"Springfield, IL Metro Area","-166","209167","8.95","5.33","4.27","1.46","0.96","0.9","32.43","17.4","14.1","16.1","6.4","62533","82720"
"Springfield, MA Metro Area","2713","699480","10.51","5.01","9.05","1.56","0.89","1.22","29.03","16.3","12.5","15.3","6.9","59419","80502"
"Springfield, MO Metro Area","1377","462434","11.03","4.74","7.65","1.31","0.6","0.49","30.62","19.3","11.8","11.1","3.5","48549","65313"
"Springfield, OH Metro Area","437","134726","8.75","5.23","4.57","0.62","0.51","0.79","29.61","19.6","13.1","12","3.7","50873","65280"
"St. Cloud, MN Metro Area","1384","198581","11.67","5.26","8.94","0.97","0.61","0.62","29.91","18.9","14.9","15.9","6","61985","78388"
"St. George, UT Metro Area","-1272","165811","9.1","6.06","5.42","0.76","0.66","1.01","29.41","21.4","14.1","14.3","4.6","59839","80759"
"St. Joseph, MO-KS Metro Area","386","126173","11.25","5.1","4.58","0.8","0.47","0.57","25.26","20","13.3","13.3","3.1","52810","66699"
"St. Louis, MO-IL Metro Area","1564","2805190","9.77","5.17","4.79","1.47","1.27","1.74","31.24","17.7","13.2","15.8","6.8","63705","87284"
"State College, PA Metro Area","3266","161960","17.35","3.29","19.97","4.48","1.81","3.34","30.6","17.2","12.2","16","6.1","60403","80941"
"Staunton, VA Metro Area","779","121651","9.32","4.49","3.05","1.02","0.69","1.19","29.27","19.8","14.4","14.6","4.2","57140","72167"
"Stockton, CA Metro Area","2384","742603","10.7","6.43","5.48","0.82","0.6","0.88","22.86","17.7","13.1","16.1","7.5","64432","86090"
"Sumter, SC Metro Area","-362","140714","10.8","5.2","4.78","0.8","0.41","0.38","26.73","18.7","11.2","9.3","3","44486","58784"
"Syracuse, NY Metro Area","-2567","652416","9.92","5.06","7.28","1.4","0.8","1.44","30.89","18.1","13.2","15.9","6","60337","80211"
"Tallahassee, FL Metro Area","2430","382197","13.48","4.59","13.38","2.85","1.06","1.06","31.09","17.5","12.1","12.2","4.9","51874","72487"
"Tampa-St. Petersburg-Clearwater, FL Metro Area","11481","3097859","9.38","4.61","5.05","1.18","1.06","1.51","31.73","18","12.4","13.2","5.4","55285","78248"
"Terre Haute, IN Metro Area","748","186908","11.27","4.52","7.08","0.99","0.53","0.79","26.98","19.6","12.6","11","3.5","48591","62587"
"Texarkana, TX-AR Metro Area","-287","149292","10.16","5.17","4","0.68","0.51","0.73","23.81","17.6","11.4","11.7","3.9","47377","66761"
"The Villages, FL Metro Area","83","125044","4.59","1.97","1.38","0.12","1.15","2.4","38.25","20.4","15.4","12.3","5.1","57226","74605"
"Toledo, OH Metro Area","789","644137","10.35","5.08","6.26","1.44","0.48","1.39","30.8","17.4","12.2","13.5","5","52601","72125"
"Topeka, KS Metro Area","-273","232778","8.75","5.32","3.78","0.89","0.83","0.75","30.1","19.7","14.2","14.3","4.6","57603","73501"
"Trenton-Princeton, NJ Metro Area","-321","367922","10.28","5.22","7.09","1.79","2.22","2.87","28.28","14.4","12.1","16.7","9.6","81057","117651"
"Tucson, AZ Metro Area","5034","1027207","11.13","5.09","7.22","1.38","0.93","1.99","31.08","18.2","12.3","12.7","4.9","53379","73554"
"Tulsa, OK Metro Area","623","990544","10.06","5.41","4.36","0.88","0.59","1.39","28.41","18.4","12.6","13.4","5.2","55739","77341"
"Tuscaloosa, AL Metro Area","-2077","250681","12.4","4.58","10.22","1.5","0.49","1.18","23.86","17.8","11.5","12.7","4.7","50408","67811"
"Twin Falls, ID Metro Area","173","108599","9.97","5.91","4.19","0.54","0.19","0.56","27.09","22.8","12.4","11.6","3.5","52919","66845"
"Tyler, TX Metro Area","-1176","227449","10.04","5.42","5.69","0.94","0.77","1.07","22.15","18.6","13.1","13.8","5.2","56810","77878"
"Urban Honolulu, HI Metro Area","979","984821","12.28","4.44","6.17","1.44","0.96","1.75","26","15.8","13.9","20.2","10.7","85857","109304"
"Utica-Rome, NY Metro Area","-18","292016","9.79","4.9","5.15","0.85","0.9","1.01","29.15","18.7","13.6","13.9","5","55757","72330"
"Valdosta, GA Metro Area","1277","145315","13.29","5.1","8.39","1.28","0.55","0.61","25.12","16.3","11","10.5","2.7","41647","60116"
"Vallejo, CA Metro Area","3401","441829","11.09","5.28","5.58","1.09","0.69","1.34","28.49","16.7","14.6","19.9","10","81472","100842"
"Victoria, TX Metro Area","-249","99674","10.11","5.74","3.89","0.5","0.61","1.32","22.91","16.7","13.2","14.7","6.1","57163","78766"
"Vineland-Bridgeton, NJ Metro Area","-271","151906","11.41","5.61","3.41","0.43","0.32","0.57","23.68","18.2","12.2","15.5","4.8","54149","72860"
"Virginia Beach-Norfolk-Newport News, VA-NC Metro Area","12174","1761729","12.27","4.87","6.71","1.66","1.16","1.65","30.39","18.8","14.4","17.1","6.8","66759","86062"
"Visalia, CA Metro Area","-1371","461898","10.89","7.24","5.49","0.75","0.23","0.36","19.51","17.3","11.5","12.1","4.9","49687","69493"
"Waco, TX Metro Area","-575","268361","11.6","5.29","8.94","1.29","0.51","0.73","24.91","16.9","11.1","12.7","4.5","49077","68140"
"Walla Walla, WA Metro Area","11","60365","11.86","5.09","9.03","0.68","0.53","1.37","30.66","18.5","11.8","15.7","5.7","57858","76351"
"Warner Robins, GA Metro Area","524","180652","10.46","5.48","7.26","1.59","1.17","1.39","28.47","18.7","13.2","14.8","6.2","58832","75092"
"Washington-Arlington-Alexandria, DC-VA-MD-WV Metro Area","27149","6196585","10.57","5.24","5.54","2.17","2.75","3.1","31.29","13.3","12.6","19.9","12.9","103751","134513"
"Waterloo-Cedar Falls, IA Metro Area","-571","169556","11.53","4.49","9.7","1.37","0.49","1.2","30.75","19.2","13.6","14.8","4.7","57495","76464"
"Watertown-Fort Drum, NY Metro Area","297","112842","16.03","4.72","4.2","0.86","0.52","0.76","29.33","19.4","14.6","12.8","3.5","52685","65932"
"Wausau-Weston, WI Metro Area","112","163140","8.76","5.08","3.89","0.51","0.63","0.84","32.38","19.1","16","15.6","4.5","61783","78853"
"Weirton-Steubenville, WV-OH Metro Area","538","118213","8.27","4.29","4.93","0.72","0.37","0.43","28.78","18.5","12.2","11.5","2.9","47314","61081"
"Wenatchee, WA Metro Area","-420","118252","9.54","5.94","3.56","0.51","0.46","0.92","28.91","20.5","12.8","14.5","6.2","59757","80416"
"Wheeling, WV-OH Metro Area","-176","141475","9.43","4.89","3.93","0.79","0.32","0.74","27.02","17.8","12.5","12.4","4.1","50390","69386"
"Wichita Falls, TX Metro Area","680","150715","12.77","4.46","5.71","1","0.61","0.8","25.9","18.3","12.1","12.6","3.9","49779","65600"
"Wichita, KS Metro Area","1031","637690","10.39","5.95","5.15","1.29","0.78","1.73","29.14","19.2","13.1","14.5","5.2","57379","74900"
"Williamsport, PA Metro Area","151","114330","9.9","4.56","5.69","0.57","0.5","0.82","29.27","19.8","14","14","3.7","54241","68006"
"Wilmington, NC Metro Area","524","288337","10.49","4.39","7.8","1.09","0.96","1.66","33.42","17.4","12.1","13.5","5.4","55265","78709"
"Winchester, VA-WV Metro Area","259","137621","8.81","5.24","3.65","1.21","0.83","1.01","28.63","20.1","14.4","17.2","7.3","67072","84142"
"Winston-Salem, NC Metro Area","981","666216","8.85","5.45","4.7","0.99","0.84","0.97","29.44","18","12.8","11.6","4.2","50774","71206"
"Worcester, MA-CT Metro Area","-1346","941338","9.97","5.39","6.28","1.53","1.33","2.22","30.26","15.8","12.9","18","9.1","73408","95390"
"Yakima, WA Metro Area","503","249697","10.24","6.49","3.53","0.72","0.22","0.36","22.63","20.2","13.2","11.3","3.9","51637","69036"
"York-Hanover, PA Metro Area","1564","445565","9.17","5.09","3.92","0.89","0.71","1.25","29.69","20.6","14.8","17.6","6.7","66457","82723"
"Youngstown-Warren-Boardman, OH-PA Metro Area","-1973","541846","8.99","5.12","4.13","0.71","0.58","0.96","30.08","18.3","11.9","11.8","3","47360","64175"
"Yuba City, CA Metro Area","837","172469","11.21","5.75","6","0.88","0.37","0.74","25.38","18.1","12.2","16.2","6.1","58551","76413"
"Yuma, AZ Metro Area","786","209468","12.74","6.03","5.16","0.57","0.25","0.67","23.55","18.6","12","10.1","3","45243","59526"
